{
  "best_global_step": null,
  "best_metric": null,
  "best_model_checkpoint": null,
  "epoch": 3.0,
  "eval_steps": 50,
  "global_step": 33,
  "is_hyper_param_search": false,
  "is_local_process_zero": true,
  "is_world_process_zero": true,
  "log_history": [
    {
      "epoch": 0.9302325581395349,
      "grad_norm": 9.293685913085938,
      "learning_rate": 1.6551724137931037e-05,
      "logits/chosen": -0.5929892063140869,
      "logits/rejected": -0.6380559802055359,
      "logps/chosen": -438.5361328125,
      "logps/rejected": -434.51434326171875,
      "loss": 0.6865,
      "rewards/accuracies": 0.45625001192092896,
      "rewards/chosen": 0.005346470046788454,
      "rewards/margins": 0.01384138036519289,
      "rewards/rejected": -0.008494911715388298,
      "step": 10
    },
    {
      "epoch": 1.8372093023255816,
      "grad_norm": 8.764625549316406,
      "learning_rate": 9.655172413793105e-06,
      "logits/chosen": -0.6124377846717834,
      "logits/rejected": -0.663155198097229,
      "logps/chosen": -431.2605285644531,
      "logps/rejected": -429.9253845214844,
      "loss": 0.6263,
      "rewards/accuracies": 0.8653846383094788,
      "rewards/chosen": 0.03513779491186142,
      "rewards/margins": 0.14793753623962402,
      "rewards/rejected": -0.1127997413277626,
      "step": 20
    },
    {
      "epoch": 2.744186046511628,
      "grad_norm": 7.781979560852051,
      "learning_rate": 2.7586206896551725e-06,
      "logits/chosen": -0.6150378584861755,
      "logits/rejected": -0.643151581287384,
      "logps/chosen": -440.12811279296875,
      "logps/rejected": -434.84368896484375,
      "loss": 0.5811,
      "rewards/accuracies": 0.8846153616905212,
      "rewards/chosen": 0.033914558589458466,
      "rewards/margins": 0.25190040469169617,
      "rewards/rejected": -0.2179858684539795,
      "step": 30
    }
  ],
  "logging_steps": 10,
  "max_steps": 33,
  "num_input_tokens_seen": 0,
  "num_train_epochs": 3,
  "save_steps": 100,
  "stateful_callbacks": {
    "TrainerControl": {
      "args": {
        "should_epoch_stop": false,
        "should_evaluate": false,
        "should_log": false,
        "should_save": true,
        "should_training_stop": true
      },
      "attributes": {}
    }
  },
  "total_flos": 0.0,
  "train_batch_size": 4,
  "trial_name": null,
  "trial_params": null
}
